{"AED": [[[47.674, -122.2882], [46.2333, 6.0667]], [[46.2333, 6.0667], [35.6833, 139.7333]], [[35.6833, 139.7333], [25.3, 55.4333]], [[25.3, 55.4333], [47.674, -122.2882]]], "GBP": [[[47.674, -122.2882], [46.2333, 6.0667]], [[46.2333, 6.0667], [35.6833, 139.7333]], [[35.6833, 139.7333], [25.3, 55.4333]], [[25.3, 55.4333], [51.5, -0.1167]], [[51.5, -0.1167], [47.674, -122.2882]]], "CAD": [[[47.674, -122.2882], [46.2333, 6.0667]], [[46.2333, 6.0667], [35.6833, 139.7333]], [[35.6833, 139.7333], [19.4667, -99.1499]], [[19.4667, -99.1499], [45.42, -75.67]], [[45.42, -75.67], [47.674, -122.2882]]], "MXN": [[[47.674, -122.2882], [46.2333, 6.0667]], [[46.2333, 6.0667], [35.6833, 139.7333]], [[35.6833, 139.7333], [19.4667, -99.1499]], [[19.4667, -99.1499], [47.674, -122.2882]]], "SEK": [[[47.674, -122.2882], [35.6833, 139.7333]], [[35.6833, 139.7333], [46.2333, 6.0667]], [[46.2333, 6.0667], [18.9667, 72.8333]], [[18.9667, 72.8333], [59.3833, 18.0]], [[59.3833, 18.0], [47.674, -122.2882]]], "SGD": [[[47.674, -122.2882], [35.6833, 139.7333]], [[35.6833, 139.7333], [46.2333, 6.0667]], [[46.2333, 6.0667], [18.9667, 72.8333]], [[18.9667, 72.8333], [1.3667, 103.75]], [[1.3667, 103.75], [47.674, -122.2882]]], "HKD": [[[47.674, -122.2882], [35.6833, 139.7333]], [[35.6833, 139.7333], [46.2333, 6.0667]], [[46.2333, 6.0667], [18.9667, 72.8333]], [[18.9667, 72.8333], [59.3833, 18.0]], [[59.3833, 18.0], [21.75, 115.0]], [[21.75, 115.0], [47.674, -122.2882]]], "AUD": [[[47.674, -122.2882], [46.2333, 6.0667]], [[46.2333, 6.0667], [35.6833, 139.7333]], [[35.6833, 139.7333], [25.3, 55.4333]], [[25.3, 55.4333], [-33.9166, 151.2833]], [[-33.9166, 151.2833], [47.674, -122.2882]]], "CHF": [[[47.674, -122.2882], [35.6833, 139.7333]], [[35.6833, 139.7333], [46.2333, 6.0667]], [[46.2333, 6.0667], [47.674, -122.2882]]], "KRW": [[[47.674, -122.2882], [47.674, -122.2882]], [[47.674, -122.2882], [37.56826, 126.97783]], [[37.56826, 126.97783], [47.674, -122.2882]]], "CNY": [[[47.674, -122.2882], [46.2333, 6.0667]], [[46.2333, 6.0667], [35.6833, 139.7333]], [[35.6833, 139.7333], [39.9166, 116.3833]], [[39.9166, 116.3833], [47.674, -122.2882]]], "TRY": [[[47.674, -122.2882], [46.2333, 6.0667]], [[46.2333, 6.0667], [35.6833, 139.7333]], [[35.6833, 139.7333], [41.0333, 29.0]], [[41.0333, 29.0], [47.674, -122.2882]]], "NZD": [[[47.674, -122.2882], [46.2333, 6.0667]], [[46.2333, 6.0667], [35.6833, 139.7333]], [[35.6833, 139.7333], [-36.8832, 174.75]], [[-36.8832, 174.75], [47.674, -122.2882]]], "EUR": [[[47.674, -122.2882], [46.2333, 6.0667]], [[46.2333, 6.0667], [35.6833, 139.7333]], [[35.6833, 139.7333], [19.4667, -99.1499]], [[19.4667, -99.1499], [50.85, 4.35]], [[50.85, 4.35], [47.674, -122.2882]]], "NOK": [[[47.674, -122.2882], [46.2333, 6.0667]], [[46.2333, 6.0667], [35.6833, 139.7333]], [[35.6833, 139.7333], [59.9333, 10.6833]], [[59.9333, 10.6833], [47.674, -122.2882]]], "RUB": [[[47.674, -122.2882], [46.2333, 6.0667]], [[46.2333, 6.0667], [35.6833, 139.7333]], [[35.6833, 139.7333], [25.3, 55.4333]], [[25.3, 55.4333], [-33.9166, 151.2833]], [[-33.9166, 151.2833], [55.75, 37.6167]], [[55.75, 37.6167], [47.674, -122.2882]]], "INR": [[[47.674, -122.2882], [35.6833, 139.7333]], [[35.6833, 139.7333], [46.2333, 6.0667]], [[46.2333, 6.0667], [18.9667, 72.8333]], [[18.9667, 72.8333], [47.674, -122.2882]]], "JPY": [[[47.674, -122.2882], [46.2333, 6.0667]], [[46.2333, 6.0667], [35.6833, 139.7333]], [[35.6833, 139.7333], [47.674, -122.2882]]], "BRL": [[[47.674, -122.2882], [46.2333, 6.0667]], [[46.2333, 6.0667], [35.6833, 139.7333]], [[35.6833, 139.7333], [39.9166, 116.3833]], [[39.9166, 116.3833], [-23.5666, -46.6332]], [[-23.5666, -46.6332], [47.674, -122.2882]]]}